#RunID,ClientID,MsgCount,MsgBytes,MsgsPerSec,BytesPerSec,DurationSecs
Ksdf8Ca9zrSKQjIQBavyaH,S0,200018,51200000,45473,11641204.792766,4.398170
Ksdf8Ca9zrSKQjIQBavyaH,P0,400000,51200000,45500,11648059.932501,4.395582
