#RunID,ClientID,MsgCount,MsgBytes,MsgsPerSec,BytesPerSec,DurationSecs
NZdasPTplp3Eup3r5WA5Ls,S0,22467,20972568576,268,281377714.579996,74.535287
NZdasPTplp3Eup3r5WA5Ls,P0,40002,20972568576,339,356188138.684875,58.880592
