#RunID,ClientID,MsgCount,MsgBytes,MsgsPerSec,BytesPerSec,DurationSecs
KRuuJ5NfaOqrHDKOQ6sdYf,S0,81930351,20973280000,118446,30322379.441431,691.676590
KRuuJ5NfaOqrHDKOQ6sdYf,P0,163853750,20973280000,118447,30322433.136049,691.675365
