#RunID,ClientID,MsgCount,MsgBytes,MsgsPerSec,BytesPerSec,DurationSecs
BSIakB9VGF8z1RFjmVMDFN,S0,322536,20973223936,5677,372087797.533547,56.366331
BSIakB9VGF8z1RFjmVMDFN,P0,640052,20973223936,5677,372093736.046317,56.365431
