#RunID,ClientID,MsgCount,MsgBytes,MsgsPerSec,BytesPerSec,DurationSecs
SUMyfBNMbkrw6il24k52uP,S0,20484468,20973279232,97346,99682633.972340,210.400532
SUMyfBNMbkrw6il24k52uP,P0,40963436,20973279232,97346,99683153.553355,210.399435
