#RunID,ClientID,MsgCount,MsgBytes,MsgsPerSec,BytesPerSec,DurationSecs
cPfIyvOIj8biOQUIEKxBen,S0,200134,1024000000,20804,106518103.138693,9.613389
cPfIyvOIj8biOQUIEKxBen,P0,400000,1024000000,20809,106546540.758190,9.610824
