#RunID,ClientID,MsgCount,MsgBytes,MsgsPerSec,BytesPerSec,DurationSecs
0v0Lx7Cfj56fPMn0sEZoiN,S0,4098899,20973276160,44541,228050089.346297,91.967849
0v0Lx7Cfj56fPMn0sEZoiN,P0,8192686,20973276160,44540,228045774.374837,91.969589
