#RunID,ClientID,MsgCount,MsgBytes,MsgsPerSec,BytesPerSec,DurationSecs
WpVeaHrDXF7QmzxFIAffjv,S0,201572,13107200000,4352,285246484.762316,45.950435
WpVeaHrDXF7QmzxFIAffjv,P0,400000,13107200000,4353,285288673.535103,45.943640
