#RunID,ClientID,MsgCount,MsgBytes,MsgsPerSec,BytesPerSec,DurationSecs
Qj48gIE7vxCaSdwNodBcMt,S0,22468,20971520000,271,284835790.771474,73.626702
Qj48gIE7vxCaSdwNodBcMt,P0,40000,20971520000,375,393518210.854290,53.292375
