#RunID,ClientID,MsgCount,MsgBytes,MsgsPerSec,BytesPerSec,DurationSecs
VVcvFZgFr1kUj2R83cJBWq,S0,20484466,20973279232,96109,98416577.135577,213.107180
VVcvFZgFr1kUj2R83cJBWq,P0,40963436,20973279232,96110,98417235.346435,213.105755
