#RunID,ClientID,MsgCount,MsgBytes,MsgsPerSec,BytesPerSec,DurationSecs
7u5rxl3OCBkgSVrVQIceuo,S0,4098899,20973276160,35611,182333404.866595,115.027064
7u5rxl3OCBkgSVrVQIceuo,P0,8192686,20973276160,35612,182335227.487107,115.025914
