#RunID,ClientID,MsgCount,MsgBytes,MsgsPerSec,BytesPerSec,DurationSecs
aYMCfQ4kAyUJaJvNfr7I2m,S0,4098899,20973276160,47122,241267658.119015,86.929497
aYMCfQ4kAyUJaJvNfr7I2m,P0,8192686,20973276160,47121,241259550.752078,86.932418
