#RunID,ClientID,MsgCount,MsgBytes,MsgsPerSec,BytesPerSec,DurationSecs
DxdHO2GpExGV7wYZakJ1si,S0,81930351,20973280000,121218,31031809.185550,675.863914
DxdHO2GpExGV7wYZakJ1si,P0,163853750,20973280000,121218,31031858.602073,675.862837
